{"eval/avg_reward":301.4600464309751,"train/entropy":6.431696414947492,"_wandb":{"runtime":4964},"_timestamp":1.7748949556450305e+09,"train/total_steps":204800,"train/mean_return":209.90628051757812,"train/update":32,"train/policy_loss":1.5702098655817273e-08,"train/episode_return":153.4812977811508,"eval/avg_episode_length":200,"train/kl":0.07958114714361736,"eval/video":{"size":279126,"path":"media/videos/eval/video_204800_2b50b033f2f1f04db713.mp4","_type":"video-file","sha256":"2b50b033f2f1f04db71321e757bd167bd644275f37dfaad396b34810dd5919ad"},"train/steps_this_update":6400,"eval/success_rate":0.6,"_runtime":4964.024491489,"_step":204800,"train/group_adv_mean_abs":0.9188376665115356}