{"_timestamp":1.7745103667402828e+09,"_wandb":{"runtime":49743},"train/value_loss":963.9778442382812,"train/entropy":8.221070289611816,"train/total_steps":2002944,"train/clip_frac":0,"eval/avg_episode_length":300,"train/success_rate":0.9,"eval/success_rate":0.6,"train/episode_return":825.7687588789686,"train/approx_kl":9.811523341340944e-05,"_runtime":49743.83071748,"train/policy_loss":0.00019124435493722558,"eval/avg_reward":627.006707178913,"eval/video":{"path":"media/videos/eval/video_2002944_c1217d6b8b798d893dab.mp4","_type":"video-file","sha256":"c1217d6b8b798d893dab5e136fa77e106dc104b07ca7fe18c14f16672f781c02","size":249096},"_step":2002944}