{"train/entropy":7.5695037841796875,"eval/video":{"size":256112,"path":"media/videos/eval/video_2002944_d1ec7b1f8bd1e0be9aad.mp4","_type":"video-file","sha256":"d1ec7b1f8bd1e0be9aad62783d7fd174f0afde77cfb90b32b2f2298468f1ef71"},"_wandb":{"runtime":51259},"train/policy_loss":0.00013782570022158325,"train/approx_kl":1.8584612917038612e-05,"_step":2002944,"train/total_steps":2002944,"eval/success_rate":1,"train/value_loss":1100.2703857421875,"_runtime":51259.354410653,"eval/avg_episode_length":300,"eval/avg_reward":985.1806129931656,"_timestamp":1.774470209479232e+09,"train/clip_frac":0,"train/episode_return":929.0708409908275,"train/success_rate":1}