{"train/approx_kl":-5.727634477814547e-10,"_timestamp":1.7749273690511897e+09,"_step":200000,"eval/avg_episode_length":200,"train/clip_frac":0,"eval/video":{"sha256":"6d17a6ee1e17a8136cb4bed81ca146c9c059f64c7786b925ad23a87ab0795eee","size":298429,"path":"media/videos/eval/video_200000_6d17a6ee1e17a8136cb4.mp4","_type":"video-file"},"train/episode_return":40.82655248872937,"_wandb":{"runtime":8499},"_runtime":8499.414189634,"train/entropy":6.429345607757568,"train/policy_loss":-5.787005985524729e-09,"eval/avg_reward":51.43368806436657,"train/total_steps":200000,"eval/success_rate":0.2,"train/log_std_mean":-0.5004606246948242,"train/success_rate":0.1,"train/value_loss":117.4361801147461}