{"_step":2002944,"eval/avg_episode_length":300,"train/entropy":8.305018424987793,"_wandb":{"runtime":51592},"train/policy_loss":0.0002010852622333914,"_runtime":51592.011827218,"train/approx_kl":2.0324614524724893e-05,"_timestamp":1.774512158017789e+09,"train/clip_frac":0,"train/value_loss":589.3866577148438,"train/episode_return":628.8467810063995,"eval/video":{"_type":"video-file","sha256":"78a3c63f093da1c274706f6a38369ff786dd114ca707a7b2d0c38773c688a7ab","size":343986,"path":"media/videos/eval/video_2002944_78a3c63f093da1c27470.mp4"},"eval/avg_reward":721.7599709381163,"eval/success_rate":0.8,"train/success_rate":0.5,"train/total_steps":2002944}