{"_step":200000,"train/group_adv_mean_abs":0,"train/entropy":6.458043575286865,"eval/success_rate":0.6,"train/episode_return":39.76668866366148,"train/mean_imagined_return":0.0005936761226621456,"eval/avg_episode_length":200,"train/imagined_steps":120,"eval/avg_reward":2466.385397107154,"train/total_steps":200000,"train/update":50000,"train/policy_loss":0,"train/kl":0,"_runtime":152104.15097798,"_timestamp":1.775047414686899e+09,"eval/video":{"size":315954,"path":"media/videos/eval/video_200000_f54d47379aca336693be.mp4","_type":"video-file","sha256":"f54d47379aca336693be08a0c02c78281923b81525798f791b45b254e8f082fb"},"_wandb":{"runtime":152104}}